udfProductCode,udfWebEnabled,WebDisplayName,udfJobTypes,udfProductGroup,udfProductFunction,udfMaterialType,udfUseCase
50680,1,WC Connector with 40mm offset ,Plumber,Plumbing & Drainage,Accessory Tool,Plastic & PVC,Plumbing & Joining
50681,1,McAlpine 1 1/4 inch Pedestal Trap With Cleaning Eye,Plumber,Plumbing & Drainage,Accessory Tool,Plastic & PVC,Plumbing & Joining
50682,1,McAlpine Shallow Bath Trap ,Plumber,Plumbing & Drainage,Accessory Tool,Plastic & PVC,Plumbing & Joining
50683,0,Grundfos Amazon 1.5bar Negative Shower Pump,Plumber,Plumbing & Drainage,Main Tool,Metal,Plumbing & Joining
50684,1,McAlpine Pan Connector 90 degree Bend ,Plumber,Plumbing & Drainage,Accessory Tool,Plastic & PVC,Plumbing & Joining
50694,1,2440 x 1220 x 12mm Walnut / Walnut MDF,Carpenter,Timber & Sheet Materials,Main Material,Timber & Board,Building Materials/Structural
50696,1,Reisser Cutter Screw Tub 3.5mm x 16mm 2500pcs - Bright Zinc Plated,Carpenter,"Fixings, Adhesives & Sealants",Fixing & Adhesion,Timber & Board,Fixing & Fastening
50697,1,Reisser Cutter Screw Tub 3.5mm x 30mm 1600pcs - Bright Zinc Plated,Carpenter,"Fixings, Adhesives & Sealants",Fixing & Adhesion,Timber & Board,Fixing & Fastening
50698,1,Reisser Cutter Screw Tub 3.5mm x 50mm 950pcs - Yellow,Carpenter,"Fixings, Adhesives & Sealants",Fixing & Adhesion,Timber & Board,Fixing & Fastening
50702,1,Concrete Block 450x300x100mm (12inch Concrete Block),Block Layer,Heavy Building Materials,Main Material,Masonry & Stone,Building Materials/Structural
50703,1,AJ Cover Galvanised  (pedestrian loading) 308x308mm,Civils,Heavy Building Materials,Accessory Tool,Metal,Access & Lifting
50705,0,Walrus Booster Pump - 0.37kW,Plumber,Plumbing & Drainage,Main Tool,Metal,Plumbing & Joining
50707,1,1/2 inch Compression Lever Gas Valve Cxc (Yellow),Plumber,Plumbing & Drainage,Accessory Tool,Metal,Plumbing & Joining
50708,1,3/4 inch Compression Lever Gas Valve Cxc (Yellow),Plumber,Plumbing & Drainage,Accessory Tool,Metal,Plumbing & Joining
50709,1,1 inch Compression Lever Gas Valve Cxc (Yellow),Plumber,Plumbing & Drainage,Accessory Tool,Metal,Plumbing & Joining
50710,1,Thorsman Red Wall Plugs (100 per box),Carpenter,"Fixings, Adhesives & Sealants",Fixing & Adhesion,Plastic & PVC,Fixing & Fastening
50711,1,Thorsman Brown wall plugs (100 per box),Block Layer,"Fixings, Adhesives & Sealants",Fixing & Adhesion,Masonry & Stone,Fixing & Fastening
50721,1,Core Board Sheet 3000x600x20mm,Plasterer,Timber & Sheet Materials,Main Material,Plaster & Drywall,Building Materials/Structural
50722,1,63 x 44mm White Deal Treated Timber,Carpenter,Timber & Sheet Materials,Main Material,Timber & Board,Building Materials/Structural
50743,1,Deva Flow Regulator for Mono Basin and Sink Mixers with Anti-Splash - 4 L/min,Plumber,Plumbing & Drainage,Accessory Tool,Plastic & PVC,Plumbing & Joining
50750,1,Deva Flow Regulator for Shower Hose - 6 L/min,Plumber,Plumbing & Drainage,Accessory Tool,Plastic & PVC,Plumbing & Joining
50757,1,Insulated Copper Cylinder Dual Coil Grade 3 36inchx15inch,Plumber,Plumbing & Drainage,Main Material,Metal,Plumbing & Joining
50758,0,Shimge .5HP Booster Pump C/W Vessel & Switch,Plumber,Plumbing & Drainage,Main Tool,Metal,Plumbing & Joining
50759,0,Shimge 1HP Shallow Well Pump C/W 24 Litre Vessel,Plumber,Plumbing & Drainage,Main Tool,Metal,Plumbing & Joining
50760,0,Wavin Hepvo Running Adaptor - 32mm,Plumber,Plumbing & Drainage,Accessory Tool,Plastic & PVC,Plumbing & Joining
50761,0,Wavin Hepvo Running Adaptor - 40mm,Plumber,Plumbing & Drainage,Accessory Tool,Plastic & PVC,Plumbing & Joining
50762,0,Viva unifill universal bottom/side entry ball valve,Plumber,Plumbing & Drainage,Accessory Tool,Metal,Plumbing & Joining
50763,1,"5"" Auto Syphon 1"" Thread",Plumber,Plumbing & Drainage,Accessory Tool,Metal,Plumbing & Joining
50764,1,Petcock For Auto Cistern,Plumber,Plumbing & Drainage,Accessory Tool,Metal,Plumbing & Joining
50765,1,1 1/4 inch White Plastic Dome Urinal Waste,Plumber,Plumbing & Drainage,Accessory Tool,Plastic & PVC,Plumbing & Joining
50767,1,2400 x 600 x 38mm Superpan Tech TG 2 - P6,Carpenter,Timber & Sheet Materials,Main Material,Timber & Board,Building Materials/Structural
50768,1,"Reducing Manchette 6"" flexi to 5"" MBE",Plumber,Plumbing & Drainage,Accessory Tool,Metal,Plumbing & Joining
50769,1,100m Coil 1/2 inch Qual-Pex (Dublin),Plumber,Plumbing & Drainage,Main Material,Plastic & PVC,Plumbing & Joining
50770,1,50m Coil 3/4 inch Qual-Pex (Dublin),Plumber,Plumbing & Drainage,Main Material,Plastic & PVC,Plumbing & Joining
50771,1,50m Coil 1 inch Qual-Pex (Dublin),Plumber,Plumbing & Drainage,Main Material,Plastic & PVC,Plumbing & Joining
50772,1,6m Length 1/2 inch Qual-Pex (Dublin),Plumber,Plumbing & Drainage,Main Material,Plastic & PVC,Plumbing & Joining
50773,1,6m Length 3/4 inch Qual-Pex (Dublin),Plumber,Plumbing & Drainage,Main Material,Plastic & PVC,Plumbing & Joining
50774,1,6m Length 1 inch Qual-Pex (Dublin),Plumber,Plumbing & Drainage,Main Material,Plastic & PVC,Plumbing & Joining
50776,1,Plastic Pex Pipe Clamp,Plumber,Plumbing & Drainage,Fixing & Adhesion,Plastic & PVC,Plumbing & Joining
50796,1,2440mm x 1220mm x 3mm Contempo Ivory Fibraprint MDF,Carpenter,Timber & Sheet Materials,Main Material,Timber & Board,Building Materials/Structural
50798,1,"Pump 1 1/2""x F Extension piece",Plumber,Plumbing & Drainage,Accessory Tool,Metal,Plumbing & Joining
50799,1,Automatic Changeover Regulator with tails,Plumber,Plumbing & Drainage,Accessory Tool,Metal,Wall-fixing
50803,1,Hacksaw Blade 300mm 2pcs,Carpenter,Tools & Accessories,Consumables & Parts,Metal,Cutting
50804,1,Stanley Folding Pocket Knife,Carpenter,Tools & Accessories,Accessory Tool,Metal,Cutting
50808,1,Faithfull Mini Saw - 150 mm,Carpenter,Tools & Accessories,Main Tool,Metal,Cutting
50809,1,Stanley Snap-Off Blade 18 mm 5pcs,Carpenter,Tools & Accessories,Consumables & Parts,Metal,Cutting
50810,1,Faithfull Blocks Plus Line - Orange,Block Layer,Tools & Accessories,Accessory Tool,Masonry & Stone,Measuring & Marking
50811,1,Marshalltown Stainless Steel Groover with Durasoft Handle - 76 mm,Plasterer,Tools & Accessories,Accessory Tool,Metal,Sealing & Filling
50812,1,Edging Trowel 6 x 3 inch,Block Layer,Tools & Accessories,Main Tool,Masonry & Stone,Sealing & Filling
50813,1,Marshalltown Stainless Steel Edger with Durasoft Handle - 102 mm,Block Layer,Tools & Accessories,Accessory Tool,Masonry & Stone,Sealing & Filling
50814,1,Faithfull 3 Vial Box Spirit Level - 1000 mm,Plumber,Tools & Accessories,Main Tool,Metal,Measuring & Marking
50817,1,Faithfull 3 Vial Box Level Spirit - 600 mm,Plumber,Tools & Accessories,Main Tool,Metal,Measuring & Marking
50818,1,Faithfull Carpenter Try Square - 230 mm,Carpenter,Tools & Accessories,Accessory Tool,Metal,Measuring & Marking
50819,1,Stanley No.102 Block Plane  1-12-103,Block Layer,Tools & Accessories,Accessory Tool,Timber & Board,Cutting
50822,1,175 x 22mm White Deal Skirting Moulded,Carpenter,Timber & Sheet Materials,Main Material,Timber & Board,Building Materials/Structural
50823,1,175 x 35mm White Deal Timber PAO,Carpenter,Timber & Sheet Materials,Main Material,Timber & Board,Building Materials/Structural
50824,1,125 x 44mm White Deal Timber PAO,Carpenter,Timber & Sheet Materials,Main Material,Timber & Board,Building Materials/Structural
50826,1,Instantor 310 Compression Straight Coupler - 12.70mm x 15mm,Plumber,Plumbing & Drainage,Accessory Tool,Metal,Wall-fixing
50831,1,Mangers Creocote 4 L Light,Carpenter,Painting & Decorating,Consumables & Parts,Timber & Board,Wall-fixing
50844,1,2440 x 1220 x 18mm Fibrapan Hidrofugo MR MDF,Carpenter,Timber & Sheet Materials,Main Material,Timber & Board,Building Materials/Structural
50854,1,2440 x 1220 x 18mm W Oak MDF (Finsa) Select 035/037,Carpenter,Timber & Sheet Materials,Main Material,Timber & Board,Building Materials/Structural
50855,1,2440 x 1220 x 18mm W Oak MDF (Finsa) Natural 035/037,Carpenter,Timber & Sheet Materials,Main Material,Timber & Board,Building Materials/Structural
50869,1,Wallrock Fibreliner 100cm Double Roll,Block Layer,Painting & Decorating,Preparation & Finishing,Plaster & Drywall,Plumbing & Joining
50871,1,Gradual Offset Reducer 8 inch - 5 inch,Plumber,Plumbing & Drainage,Accessory Tool,Metal,Plumbing & Joining
50872,1,Gradual Offset Reducer 8 inch - 6 inch,Plumber,Plumbing & Drainage,Accessory Tool,Metal,Plumbing & Joining
50874,1,2440x1220x22mm Moisture Resistant MDF,Carpenter,Timber & Sheet Materials,Main Material,Timber & Board,Building Materials/Structural
50875,1,2440x1220x25mm Moisture Resistant MDF,Carpenter,Timber & Sheet Materials,Main Material,Timber & Board,Building Materials/Structural
50884,1,Croydex Sutton Spindle Toilet Roll Holder - Chrome,Plumber,Plumbing & Drainage,Accessory Tool,Metal,Wall-fixing
50885,1,Croydex Sutton Hook Toilet Roll Holder - Chrome,Plumber,Plumbing & Drainage,Accessory Tool,Metal,Wall-fixing
50886,1,Croydex Sutton Towel Ring - Chrome,Plumber,Plumbing & Drainage,Accessory Tool,Metal,Wall-fixing
50887,1,Croydex Sutton Tumbler and Holder - Chrome,Plumber,Plumbing & Drainage,Accessory Tool,Metal,Wall-fixing
50888,1,Croydex Sutton Towel Rail - Chrome,Plumber,Plumbing & Drainage,Accessory Tool,Metal,Wall-fixing
50889,1,Croydex 3 Function Shower Kit - Chrome,Plumber,Plumbing & Drainage,Accessory Tool,Plastic & PVC,Plumbing & Joining
50890,1,Croydex Vita 3 Function Shower Handset - Chrome,Plumber,Plumbing & Drainage,Accessory Tool,Metal,Plumbing & Joining
50891,1,Croydex Reinforced Stainless Steel Shower Hose - 1.75 m,Plumber,Plumbing & Drainage,Accessory Tool,Metal,Plumbing & Joining
50892,1,Croydex Reinforced Stainless Steel Shower Hose - 1.50 m,Plumber,Plumbing & Drainage,Accessory Tool,Metal,Plumbing & Joining
50893,1,Cavity Therm Full Fill 150mm (2.16m2) Pack - Unilin Insulation CT/PIR,Block Layer,Heavy Building Materials,Main Material,Plaster & Drywall,Sealing & Filling
50897,1,PVC Green Wheelbarrow - 100 L,Gardener,Garden & Landscaping,Site Support & Storage,Plastic & PVC,Mixing
50898,1,Tortosa Lever on Rose Doorpack Chrome,Carpenter,Tools & Accessories,Accessory Tool,Metal,Wall-fixing
50899,1,Malaga Lever on Rose Doorpack Chrome,Carpenter,Tools & Accessories,Accessory Tool,Metal,Wall-fixing
50900,1,Malaga Lever on Rose Doorpack Satin Nickel,Carpenter,Tools & Accessories,Accessory Tool,Metal,Wall-fixing
50901,1,Vilanova Lever on Rose Doorpack Satin Nickel,Carpenter,Tools & Accessories,Accessory Tool,Metal,Wall-fixing
50902,0,Calafel Lever on Rose Doorpack Satin Nickel,Carpenter,Tools & Accessories,Accessory Tool,Metal,Wall-fixing
50909,0,E-Heater Heating Panel - 400 W,Civils,Electrical Supplies,Accessory Tool,Metal,Sealing & Filling
50925,0,Cutting Set 8Pce,Carpenter,Tools & Accessories,Main Tool,Metal,Cutting
50939,1,Modeco Garden Scissors,Gardener,Garden & Landscaping,Accessory Tool,Soil & Garden,Garden & Landscaping
50940,1,Modeco Hedge Shears,Gardener,Garden & Landscaping,Accessory Tool,Soil & Garden,Garden & Landscaping
50941,1,Modeco Lopper,Gardener,Tools & Accessories,Main Tool,Soil & Garden,Garden & Landscaping
50942,0,Modeco Hammer Axe - 2.50 kg,Civils,Tools & Accessories,Main Tool,Soil & Garden,Garden & Landscaping
50943,1,Modeco Axe - 440 mm / 1 kg,Civils,Tools & Accessories,Main Tool,Timber & Board,Garden & Landscaping
50944,0,Modeco Axe - 680 mm / 1.25 kg,Civils,Tools & Accessories,Main Tool,Soil & Garden,Garden & Landscaping
50945,1,Modeco Axe - 870 mm / 1.80 kg,Carpenter,Tools & Accessories,Main Tool,Timber & Board,Garden & Landscaping
50946,1,Modeco Garden Spade,Gardener,Garden & Landscaping,Accessory Tool,Soil & Garden,Garden & Landscaping
50947,1,Modeco Garden Spade (Canadian Type),Gardener,Garden & Landscaping,Accessory Tool,Soil & Garden,Garden & Landscaping
50948,1,Modeco Shovel,Gardener,Tools & Accessories,Accessory Tool,Soil & Garden,Garden & Landscaping
50949,1,Modeco Fork,Gardener,Garden & Landscaping,Accessory Tool,Soil & Garden,Garden & Landscaping
50950,1,Modeco Bow Saw (Frame Saw) 915mm,Carpenter,Tools & Accessories,Main Tool,Timber & Board,Cutting
50951,1,Modeco Bow Saw (Frame Saw) Replacement Blade 915mm,Carpenter,Tools & Accessories,Consumables & Parts,Timber & Board,Cutting
50953,1,150 x 50mm Siberian Larch Kiln Dried Sawfalling (Larix Decidua),Carpenter,Timber & Sheet Materials,Main Material,Timber & Board,Building Materials/Structural
50954,1,150 x 25mm Siberian Larch Kiln Dried Sawfalling (Larix Decidua),Carpenter,Timber & Sheet Materials,Main Material,Timber & Board,Building Materials/Structural
50955,1,Faithfull Pointing Gun Kit,Tiler,Tools & Accessories,Accessory Tool,Masonry & Stone,Mixing
50960,1,Aluminium Oxide Roll (60 Grit) 10M,Painter,Painting & Decorating,Preparation & Finishing,Timber & Board,Grinding & Sanding
50961,1,Aluminium Oxide Roll (80 Grit) 10M,Painter,Painting & Decorating,Preparation & Finishing,Timber & Board,Grinding & Sanding
50962,1,Aluminium Oxide Roll (120 Grit) 10M,Painter,Painting & Decorating,Preparation & Finishing,Timber & Board,Grinding & Sanding
50965,1,"Stanley 5-Sleeve Roller & Frame Set 9""",Painter,Tools & Accessories,Accessory Tool,Metal,Wall-fixing
50966,1,Reisser Screwdriver Bit Set (IPhone Kits),Carpenter,Tools & Accessories,Consumables & Parts,Metal,Drilling
50967,0,Grundfos Nordic 250 Booster Pump - 370mm,Plumber,Plumbing & Drainage,Main Tool,Metal,Plumbing & Joining
50968,0,Grundfos Nordic 350 Booster Pump,Plumber,Plumbing & Drainage,Main Tool,Metal,Plumbing & Joining
50978,1,Multi Purpose Folding Ladder with Aluminium Platform,Carpenter,Site & Workshop Equipment,Site Support & Storage,Metal,Wall-fixing
50981,1,2440 x 1220 x 12mm Malaysian Hardwood T/O Plywood BS EN 636-3 314-2,Carpenter,Timber & Sheet Materials,Main Material,Timber & Board,Building Materials/Structural
50982,1,2440 x 1220 x 18mm Malaysian Hardwood T/O Plywood BS EN 636-3 314-2,Carpenter,Timber & Sheet Materials,Main Material,Timber & Board,Building Materials/Structural
50985,1,Everbuild Patio Wizard Concentrate - 5 L,Gardener,Garden & Landscaping,Consumables & Parts,Soil & Garden,Cleaning
50986,1,Thermofoam Airtight + Acoustic Expanding Foam  750ml ,Plumber,"Fixings, Adhesives & Sealants",Fixing & Adhesion,Plaster & Drywall,Sealing & Filling
50999,0,Monsoon 2.0bar Twin Universal Brass Pump,Electrician,Plumbing & Drainage,Main Tool,Metal,Plumbing & Joining
51001,0,Kronotex Plank Oak Natural Laminate 6mm (2.92m2),Carpenter,Timber & Sheet Materials,Main Material,Timber & Board,Building Materials/Structural
51003,1,Yale 80mm Euro Profile Double Cylinder Chrome,Locksmith,Tools & Accessories,Accessory Tool,Metal,Wall-fixing
51004,1,Yale 90mm Euro Profile Double Cylinder Chrome,Locksmith,Tools & Accessories,Accessory Tool,Metal,Wall-fixing
51005,1,Yale 70mm Euro Profile Turn Cylinder Chrome,Locksmith,Tools & Accessories,Accessory Tool,Metal,Wall-fixing
51006,1,Yale 80mm Euro Profile Turn Cylinder Chrome,Locksmith,Tools & Accessories,Accessory Tool,Metal,Wall-fixing
51007,1,Yale 90mm Euro Profile Turn Cylinder Chrome,Locksmith,Tools & Accessories,Accessory Tool,Metal,Wall-fixing
51008,1,Joule Solar Gasket Set (pair),Plumber,Plumbing & Drainage,Fixing & Adhesion,Metal,Plumbing & Joining
51012,1,Reisser Stainless Steel Screw 3.5mm x 20mm 30pcs,Carpenter,"Fixings, Adhesives & Sealants",Fixing & Adhesion,Timber & Board,Fixing & Fastening
51013,1,Reisser Stainless Steel Screw 3.5mm x 25mm 30pcs,Carpenter,"Fixings, Adhesives & Sealants",Fixing & Adhesion,Timber & Board,Fixing & Fastening
51014,1,Reisser Stainless Steel Screw 3.5mm x 30mm 30pcs,Carpenter,"Fixings, Adhesives & Sealants",Fixing & Adhesion,Timber & Board,Fixing & Fastening
51015,1,Reisser Stainless Steel Screw 4mm x 30mm 20pcs,Carpenter,"Fixings, Adhesives & Sealants",Fixing & Adhesion,Timber & Board,Fixing & Fastening
51016,1,Reisser Stainless Steel Screw 4mm x 40mm 20pcs,Carpenter,"Fixings, Adhesives & Sealants",Fixing & Adhesion,Timber & Board,Fixing & Fastening
51017,1,Reisser Stainless Steel Screw 4mm x 50mm 20pcs,Carpenter,"Fixings, Adhesives & Sealants",Fixing & Adhesion,Timber & Board,Fixing & Fastening
51018,1,Reisser Stainless Steel Screw 4.5mm x 30mm 20pcs,Carpenter,"Fixings, Adhesives & Sealants",Fixing & Adhesion,Timber & Board,Fixing & Fastening
51019,1,Reisser Stainless Steel Screw 4.5mm x 50mm 10pcs,Carpenter,"Fixings, Adhesives & Sealants",Fixing & Adhesion,Timber & Board,Fixing & Fastening
51020,1,Reisser Stainless Steel Screw 4.5mm x 70mm 10pcs,Carpenter,"Fixings, Adhesives & Sealants",Fixing & Adhesion,Timber & Board,Fixing & Fastening
51021,1,Reisser Stainless Steel Screw 5mm x 30mm 15pcs,Carpenter,"Fixings, Adhesives & Sealants",Fixing & Adhesion,Timber & Board,Fixing & Fastening
51022,1,Reisser Stainless Steel Screw 5mm x 40mm 10pcs,Carpenter,"Fixings, Adhesives & Sealants",Fixing & Adhesion,Timber & Board,Fixing & Fastening
51023,1,Reisser Stainless Steel Screw 5mm x 50mm 10pcs,Carpenter,"Fixings, Adhesives & Sealants",Fixing & Adhesion,Timber & Board,Fixing & Fastening
51024,1,Reisser Stainless Steel Screw 5mm x 60mm 10pcs,Carpenter,"Fixings, Adhesives & Sealants",Fixing & Adhesion,Timber & Board,Fixing & Fastening
51025,1,Reisser Stainless Steel Screw 5mm x 80mm 5pcs,Carpenter,"Fixings, Adhesives & Sealants",Fixing & Adhesion,Timber & Board,Fixing & Fastening
51026,1,Reisser Stainless Steel Screw 5mm x 100mm 5pcs,Carpenter,"Fixings, Adhesives & Sealants",Fixing & Adhesion,Timber & Board,Fixing & Fastening
51027,1,Reisser Stainless Steel Screw 6mm x 60mm 5pcs,Carpenter,"Fixings, Adhesives & Sealants",Fixing & Adhesion,Timber & Board,Fixing & Fastening
51028,1,Reisser Stainless Steel Screw 6mm x 80mm 5pcs,Carpenter,"Fixings, Adhesives & Sealants",Fixing & Adhesion,Timber & Board,Fixing & Fastening
51029,1,Reisser Stainless Steel Screw 6mm x 100mm 4pcs,Carpenter,"Fixings, Adhesives & Sealants",Fixing & Adhesion,Timber & Board,Fixing & Fastening
51032,1,Knauf Airless Finish Projection Plaster 25kg ,Block Layer,Heavy Building Materials,Preparation & Finishing,Masonry & Stone,Sealing & Filling
51033,1,Image Solo Bifold 700mm Shower Door,Plumber,Plumbing & Drainage,Accessory Tool,Metal,Plumbing & Joining
51034,1,Image Solo Bifold 760mm Shower Door,Plumber,Plumbing & Drainage,Accessory Tool,Metal,Plumbing & Joining
51035,1,Image Solo Bifold 800mm Shower Door,Plumber,Plumbing & Drainage,Accessory Tool,Metal,Plumbing & Joining
51036,1,Image Solo Bifold 900mm Shower Door,Plumber,Plumbing & Drainage,Accessory Tool,Metal,Plumbing & Joining
51037,1,Image Solo Bifold 1000mm Shower Door,Plumber,Plumbing & Drainage,Accessory Tool,Metal,Plumbing & Joining
51044,0,95 x 20 Iroko TGV (2.15m Len),Carpenter,Timber & Sheet Materials,Main Material,Timber & Board,Building Materials/Structural
51045,0,95 x 20 Iroko TGV (2.40m Len),Carpenter,Timber & Sheet Materials,Main Material,Timber & Board,Building Materials/Structural
51046,0,95 x 20 Iroko TGV (3.05m Len),Carpenter,Timber & Sheet Materials,Main Material,Timber & Board,Building Materials/Structural
51047,1,Jetcem Rapid Set Cement 6Kg ,Block Layer,Heavy Building Materials,Main Material,Masonry & Stone,Sealing & Filling
51048,1,2440 x 590 x 22mm T&G Oriented Strand Board (OSB3) ,Carpenter,Timber & Sheet Materials,Main Material,Timber & Board,Building Materials/Structural
51049,1,Faithfull Soft-Grip Trowel Set - 5 pcs.,Block Layer,Tools & Accessories,Main Tool,Masonry & Stone,Sealing & Filling
51057,1,Intumescent Fire Strip 1/2 Hour 15mm x 4mm x 2.1mt Brown,Carpenter,Tools & Accessories,Fixing & Adhesion,Timber & Board,Wall-fixing
51058,1,Intumescent Fire & Smoke Strip 1/2 Hour 15mm x 4mm x 2.1mt Brown,Carpenter,Tools & Accessories,Fixing & Adhesion,Timber & Board,Wall-fixing
51062,1,Log SawHorse,Carpenter,Tools & Accessories,Main Tool,Timber & Board,Access & Lifting
51064,1,Manhole Lifting Key 500mm 2pcs,Plasterer,Tools & Accessories,Main Tool,Plaster & Drywall,Plumbing & Joining
51068,1,Industrial Hand Truck 600LB,Block Layer,Site & Workshop Equipment,Main Tool,Metal,Access & Lifting
51097,0,Wall Block Aspen Canelletto L295xD180xH100mm (Each),Block Layer,Heavy Building Materials,Main Material,Masonry & Stone,Wall-fixing
51121,1,Plasterers Bucket - 25 L -White,Plasterer,Tools & Accessories,Site Support & Storage,Plaster & Drywall,Mixing
51122,1,Biworld Magnetic filter 22mm,Plumber,Plumbing & Drainage,Accessory Tool,Metal,Wall-fixing
51123,1,B1 Biworld Protector 500ml,Plumber,Plumbing & Drainage,Consumables & Parts,Metal,Wall-fixing
51124,1,B3 Biworld Cleaner 500ml,Block Layer,Painting & Decorating,Preparation & Finishing,Plaster & Drywall,Cleaning
51125,1,Narrow Plate With Straight Lever Handle - 70 mm / Polished Brass,Carpenter,Tools & Accessories,Accessory Tool,Metal,Wall-fixing
51126,1,Narrow Plate with Straight Lever Handle - 92 mm / Polished Brass,Carpenter,Tools & Accessories,Accessory Tool,Metal,Wall-fixing
51127,1,Narrow Plate with Straight Lever Handle - 92 mm / Polished Chrome,Carpenter,Tools & Accessories,Accessory Tool,Metal,Wall-fixing
51128,1,Letterbox Type Slimmaster Silver ,Carpenter,Tools & Accessories,Accessory Tool,Metal,Security & Ironmongery
51129,1,Letterbox Type Slimmaster White,Carpenter,Tools & Accessories,Accessory Tool,Metal,Sealing & Filling
51130,1,Letterbox Type Slimmaster Gold,Carpenter,Tools & Accessories,Accessory Tool,Metal,Security & Ironmongery
51138,0,Worcester Bosch 45 Degree Bend 60/100mm 2pcs,Plumber,Plumbing & Drainage,Accessory Tool,Metal,Wall-fixing
51139,1,White Primed Shaker Door 1 Panel 80x32,Carpenter,Timber & Sheet Materials,Preparation & Finishing,Timber & Board,Building Materials/Structural
51140,1,White Primed Shaker Door 1 Panel 78x30,Carpenter,Timber & Sheet Materials,Preparation & Finishing,Timber & Board,Building Materials/Structural
51141,0,Rustic Country Oak Pre-Fin Engineered Floor  125x18mm  (1.20m2 pack) ,Carpenter,Timber & Sheet Materials,Main Material,Timber & Board,Building Materials/Structural
51148,1,Socketed Flue Liner 150mm,Electrician,Plumbing & Drainage,Accessory Tool,Metal,Building Materials/Structural
51149,1,Socketed Flue Bend 150mm,Electrician,Plumbing & Drainage,Accessory Tool,Metal,Building Materials/Structural
51557,1,Ronseal Yacht Varnish - 2.50 L / Satin,Block Layer,Painting & Decorating,Preparation & Finishing,Timber & Board,Painting
51601,1,Butt Hinge 1 Hour Fire Rated 100x75x3mm  Grade 13 SSS  (Pair),Carpenter,Tools & Accessories,Accessory Tool,Metal,Wall-fixing
51604,1,Deck Rail Treated (Green) 75 x 50mm x 4.8m ,Carpenter,Timber & Sheet Materials,Main Material,Timber & Board,Building Materials/Structural
51608,1,Coronation Basin Taps - Chrome,Plumber,Plumbing & Drainage,Accessory Tool,Metal,Plumbing & Joining
51614,1,Rubic Mono Basin Mixer ,Plumber,Plumbing & Drainage,Accessory Tool,Metal,Plumbing & Joining
51617,1,Decorative Stone Tonne Bag -  Beach Pebble,Gardener,Garden & Landscaping,Main Material,Masonry & Stone,Garden & Landscaping
51619,1,Voltage Detector 50-1000V AC,Electrician,Electrical Supplies,Accessory Tool,Metal,Wiring
51620,1,Schneider Electric Thorsman Cavity Fixing - 6mm x 50mm,Electrician,Electrical Supplies,Fixing & Adhesion,Metal,Fixing & Fastening
51621,1,Schneider Electric Thorsman Cavity Fixing - 10mm x 65mm,Electrician,Electrical Supplies,Fixing & Adhesion,Metal,Fixing & Fastening
51629,1,TEC Earth Clamps,Plumber,Electrical Supplies,Accessory Tool,Metal,Plumbing & Joining
51644,1,Cable Gland incl Locknut M25 x 1.5,Electrician,Electrical Supplies,Accessory Tool,Metal,Wiring
51646,0,Satellite Twin Cable RG6,Electrician,Electrical Supplies,Main Material,Plastic & PVC,Wiring
51647,1,Class 3 Hi Visibility Bomber Jacket - L / Hi Vis Yellow,Roofer,Site & Workshop Equipment,PPE & Safety,Plastic & PVC,PPE & Safety
51648,1,Hi Visibility Bomber Jacket - XL / Hi Vis Yellow,Roofer,Site & Workshop Equipment,PPE & Safety,Plastic & PVC,PPE & Safety
51659,1,Rawlplug Chipboard Screw Tub 4mm x 40mm 1000pcs - Yellow,Carpenter,"Fixings, Adhesives & Sealants",Fixing & Adhesion,Timber & Board,Fixing & Fastening
51660,1,Rawlplug Chipboard Screw Tub 4mm x 50mm 750pcs - Yellow,Carpenter,"Fixings, Adhesives & Sealants",Fixing & Adhesion,Timber & Board,Fixing & Fastening
51661,1,Rawlplug Chipboard Screw Tub 4mm x 80mm 350pcs - Yellow,Carpenter,"Fixings, Adhesives & Sealants",Fixing & Adhesion,Timber & Board,Fixing & Fastening
51662,1,Rawlplug Chipboard Screw Tub 5mm x 50mm 500pcs - Yellow,Carpenter,"Fixings, Adhesives & Sealants",Fixing & Adhesion,Timber & Board,Fixing & Fastening
51663,1,Rawlplug Chipboard Screw Tub 5mm x 80mm 300pcs - Yellow,Carpenter,"Fixings, Adhesives & Sealants",Fixing & Adhesion,Timber & Board,Fixing & Fastening
51664,1,Rawlplug Chipboard Screw Tub 5mm x 100mm 250pcs - Yellow,Carpenter,"Fixings, Adhesives & Sealants",Fixing & Adhesion,Timber & Board,Fixing & Fastening
51670,1,Fleetwood Traditional High Gloss Paint - 2.50 L / White,Painter,Painting & Decorating,Preparation & Finishing,Timber & Board,Painting
51671,1,Fleetwood Traditional High Gloss Paint - 5 L / White,Painter,Painting & Decorating,Preparation & Finishing,Timber & Board,Painting
51672,1,Fleetwood Extra Plus Vinyl Matt Paint - 2.50 L / Pure Brilliant White,Painter,Painting & Decorating,Preparation & Finishing,Timber & Board,Painting
51673,0,Fleetwood Extra Plus Vinyl Matt Paint - 2.50 L / Magnolia,Painter,Painting & Decorating,Preparation & Finishing,Timber & Board,Painting
51675,1,Fleetwood Extra Plus Vinyl Matt Paint - 5 L / Magnolia,Painter,Painting & Decorating,Preparation & Finishing,Timber & Board,Painting
51676,1,Fleetwood Extra Plus Vinyl Matt Paint - 10 L / Brilliant White,Painter,Painting & Decorating,Preparation & Finishing,Timber & Board,Painting
51677,1,Fleetwood Extra Plus Vinyl Soft Sheen Paint - 2.50 L / Brilliant White,Painter,Painting & Decorating,Preparation & Finishing,Timber & Board,Painting
51678,0,Fleetwood Extra Plus Vinyl Soft Sheen Paint - 2.50 L / Magnolia,Painter,Painting & Decorating,Preparation & Finishing,Timber & Board,Painting
51681,1,Fleetwood Extra Plus Vinyl Soft Sheen Paint - 10 L / Brilliant White,Painter,Painting & Decorating,Preparation & Finishing,Timber & Board,Painting
51682,1,Fleetwood Extra Plus Vinyl Soft Sheen Paint - 10 L / Magnolia,Painter,Painting & Decorating,Preparation & Finishing,Timber & Board,Painting
51685,1,Fleetwood Hi Cover Paint - 10 L / Magnolia,Painter,Painting & Decorating,Preparation & Finishing,Timber & Board,Painting
51686,1,Fleetwood Hi Cover Paint - 10 L / Brilliant White,Painter,Painting & Decorating,Preparation & Finishing,Timber & Board,Painting
51688,1,Fleetwood Traditional Undercoat Paint - 5 L / White,Painter,Painting & Decorating,Preparation & Finishing,Timber & Board,Painting
51689,1,Fleetwood Oil Based Satinwood Paint - 5L / Brilliant White,Painter,Painting & Decorating,Preparation & Finishing,Timber & Board,Painting
51691,1,Fleetwood Traditional Undercoat Paint - 2.50 L / White,Painter,Painting & Decorating,Preparation & Finishing,Timber & Board,Painting
51692,1,Satinwood Oil Based Brilliant White 2.5L,Painter,Painting & Decorating,Preparation & Finishing,Timber & Board,Painting
51693,1,Fleetwood Traditional Non Drip Gloss Paint - 2.50 L / Pure Brilliant White,Painter,Painting & Decorating,Preparation & Finishing,Timber & Board,Painting
51694,0,Fleetwood Stay Satinwood Paint - 2.50 L / Brilliant White,Painter,Painting & Decorating,Preparation & Finishing,Timber & Board,Painting
51695,0,Fleetwood Stay Gloss Paint - 2.50 L / Brilliant White,Painter,Painting & Decorating,Preparation & Finishing,Timber & Board,Painting
51696,0,Fleetwood Stay Undercoat Paint - 2.50 L / Brilliant White,Painter,Painting & Decorating,Preparation & Finishing,Plaster & Drywall,Painting
51697,0,Fleetwood Traditional Undercoat Paint - 2.50 L / Black,Painter,Painting & Decorating,Preparation & Finishing,Timber & Board,Painting
51698,1,Fleetwood Traditional Gloss Paint - 2.50 L / Black,Painter,Painting & Decorating,Preparation & Finishing,Timber & Board,Painting
51699,1,Fleetwood Traditional Gloss Paint - 1 L / Brilliant White,Painter,Painting & Decorating,Preparation & Finishing,Timber & Board,Painting
51700,1,Fleetwood Traditional Undercoat Paint - 1 L / White,Painter,Painting & Decorating,Preparation & Finishing,Timber & Board,Painting
51701,1,Satinwood Oil Based Brilliant White 1L,Painter,Painting & Decorating,Preparation & Finishing,Timber & Board,Painting
51702,1,Fleetwood Traditional Non Drip Gloss Paint - 1 L / Pure Brilliant White,Painter,Painting & Decorating,Preparation & Finishing,Timber & Board,Painting
51703,0,Fleetwood Stay Satinwood Paint - 750 ml / Brilliant White,Painter,Painting & Decorating,Preparation & Finishing,Timber & Board,Painting
51704,1,Fleetwood Stay Undercoat Paint - 750 ml / Brilliant White,Painter,Painting & Decorating,Preparation & Finishing,Plaster & Drywall,Painting
51705,1,Fleetwood Stay Gloss Paint - 750 ml / Brilliant White,Painter,Painting & Decorating,Preparation & Finishing,Timber & Board,Painting
51706,1,Fleetwood Traditional Undercoat Paint - 750 ml / Black,Painter,Painting & Decorating,Preparation & Finishing,Timber & Board,Painting
51711,1,Fleetwood Traditional Gloss Paint - 750 ml / Black,Painter,Painting & Decorating,Preparation & Finishing,Timber & Board,Painting
51713,1,Fleetwood Traditional Gloss Paint - 750 ml / Signal Red,Painter,Painting & Decorating,Preparation & Finishing,Timber & Board,Painting
51714,1,Fleetwood Traditional Gloss Paint - 750 ml / Slate Grey,Painter,Painting & Decorating,Preparation & Finishing,Timber & Board,Painting
51716,0,Fleetwood Oil Based Satinwood Paint - 250ml / Brilliant White,Painter,Painting & Decorating,Preparation & Finishing,Timber & Board,Painting
51717,0,Undercoat Black 250ml,Painter,Painting & Decorating,Preparation & Finishing,Timber & Board,Painting
51718,1,Traditional Undercoat Paint - 250 ml / White,Painter,Painting & Decorating,Preparation & Finishing,Plaster & Drywall,Painting
51719,1,Gloss Brilliant White 250ml,Painter,Painting & Decorating,Preparation & Finishing,Plaster & Drywall,Painting
51721,0,Fleetwood Easyclean Washable Matt Paint - 75ml / Warm Grey,Painter,Painting & Decorating,Preparation & Finishing,Timber & Board,Painting
51723,0,Fleetwood Easyclean Washable Matt Paint - 75ml / Baked Biscotti,Painter,Painting & Decorating,Preparation & Finishing,Timber & Board,Painting
51724,0,Fleetwood Easyclean Washable Matt Paint - 75ml / Blue Lagoon,Painter,Painting & Decorating,Preparation & Finishing,Timber & Board,Painting
51727,0,Fleetwood Easyclean Washable Matt Paint - 75ml / Soft Jasmine,Painter,Painting & Decorating,Preparation & Finishing,Timber & Board,Painting
51729,0,Fleetwood Easyclean Washable Matt Paint - 75ml / Mystery Green,Painter,Painting & Decorating,Preparation & Finishing,Timber & Board,Painting
51730,0,Fleetwood Easyclean Washable Matt Paint - 75ml / Elite Grey,Painter,Painting & Decorating,Preparation & Finishing,Timber & Board,Painting
51731,1,Fleetwood Easyclean Washable Matt Paint - 75ml / Open Air,Painter,Painting & Decorating,Preparation & Finishing,Timber & Board,Painting
51734,1,Fleetwood Easyclean Washable Matt Paint - 75ml / Inspired Lilac,Painter,Painting & Decorating,Preparation & Finishing,Timber & Board,Painting
51735,0,Fleetwood Easyclean Washable Matt Paint - 75ml / Grey Nuance,Painter,Painting & Decorating,Preparation & Finishing,Timber & Board,Painting
51746,1,Fleetwood Easyclean Washable Matt Paint - 75ml / Romance,Painter,Painting & Decorating,Preparation & Finishing,Timber & Board,Painting
51747,0,Fleetwood Easyclean Washable Matt Paint - 75ml / Avalon Teal,Painter,Painting & Decorating,Preparation & Finishing,Timber & Board,Painting
51755,1,Fleetwood Soft Sheen Tester Pot Emulsion Paint - 75ml / Roasted Almond,Painter,Painting & Decorating,Preparation & Finishing,Timber & Board,Painting
51756,1,Fleetwood Soft Sheen Tester Pot Emulsion Paint - 75ml / Twilight Purple,Painter,Painting & Decorating,Preparation & Finishing,Timber & Board,Painting
51757,1,Fleetwood Soft Sheen Tester Pot Emulsion Paint - 75ml / Soft Orchid,Painter,Painting & Decorating,Preparation & Finishing,Timber & Board,Painting
51758,1,Fleetwood Soft Sheen Tester Pot Emulsion Paint - 75ml / Magnolia,Painter,Painting & Decorating,Preparation & Finishing,Timber & Board,Painting
51759,1,Fleetwood Soft Sheen Tester Pot Emulsion Paint - 75ml / Mint Frost,Painter,Painting & Decorating,Preparation & Finishing,Timber & Board,Painting
51760,1,Fleetwood Soft Sheen Tester Pot Emulsion Paint - 75ml / Balmy Blue,Painter,Painting & Decorating,Preparation & Finishing,Timber & Board,Painting
51761,1,Fleetwood Soft Sheen Tester Pot Emulsion Paint - 75ml / Taupe,Painter,Painting & Decorating,Preparation & Finishing,Timber & Board,Painting
51762,1,Fleetwood Soft Sheen Tester Pot Emulsion Paint - 75ml / Antique Cream,Painter,Painting & Decorating,Preparation & Finishing,Timber & Board,Painting
51765,1,Fleetwood Soft Sheen Tester Pot Emulsion Paint - 75ml / Cadiz,Painter,Painting & Decorating,Preparation & Finishing,Timber & Board,Painting
51767,1,Fleetwood Soft Sheen Tester Pot Emulsion Paint - 75ml / Odyssey,Painter,Painting & Decorating,Preparation & Finishing,Timber & Board,Painting
51769,1,Fleetwood Soft Sheen Tester Pot Emulsion Paint - 75ml / Maise,Painter,Painting & Decorating,Preparation & Finishing,Timber & Board,Painting
51770,1,Fleetwood Soft Sheen Tester Pot Emulsion Paint - 75ml / Pebble Beach,Painter,Painting & Decorating,Preparation & Finishing,Timber & Board,Painting
51774,1,Fleetwood Soft Sheen Tester Pot Emulsion Paint - 75ml / Wild Mulberry,Painter,Painting & Decorating,Preparation & Finishing,Timber & Board,Painting
51779,1,Fleetwood Soft Sheen Tester Pot Emulsion Paint - 75ml / Shy Yellow,Painter,Painting & Decorating,Preparation & Finishing,Timber & Board,Painting
51782,1,Fleetwood Weather Clad Smooth Acrylic Masonry Paint - 10 L / Pure Brilliant White,Painter,Painting & Decorating,Preparation & Finishing,Timber & Board,Painting
51783,0,Fleetwood Weather Clad Smooth Acrylic Masonry Paint - 10 L / Magnolia,Painter,Painting & Decorating,Preparation & Finishing,Timber & Board,Painting
51784,1,Fleetwood Weather Clad Paint - 10L / Country Cream,Painter,Painting & Decorating,Preparation & Finishing,Timber & Board,Painting
51785,1,Fleetwood Weather Clad Paint - 10L / Linen Mist,Painter,Painting & Decorating,Preparation & Finishing,Timber & Board,Painting
51786,1,Fleetwood Weather Clad Paint - 10L / Portland,Painter,Painting & Decorating,Preparation & Finishing,Timber & Board,Painting
51789,1,Fleetwood Weather Clad Paint - 10L / Antelope,Painter,Painting & Decorating,Preparation & Finishing,Timber & Board,Painting
51790,1,Fleetwood Weather Clad Smooth Acrylic Masonry Paint - 5 L / Magnolia,Painter,Painting & Decorating,Preparation & Finishing,Timber & Board,Painting
51791,1,Fleetwood Weather Clad Smooth Acrylic Masonry Paint - 5 L / Pure Brilliant White,Painter,Painting & Decorating,Preparation & Finishing,Timber & Board,Painting
51792,1,Fleetwood Weather Clad Smooth Acrylic Masonry Paint - 2.50 L / Pure Brilliant White,Painter,Painting & Decorating,Preparation & Finishing,Timber & Board,Painting
51793,1,Fleetwood Weather Clad Smooth Acrylic Masonry Paint - 2.50 L / Brilliant Slate Grey,Painter,Painting & Decorating,Preparation & Finishing,Timber & Board,Painting
51794,1,Fleetwood Weather Clad Smooth Acrylic Masonry Paint - 2.50 L / Bitter Chocolate,Painter,Painting & Decorating,Preparation & Finishing,Timber & Board,Painting
51795,1,Fleetwood Weather Clad Smooth Acrylic Masonry Paint - 2.50 L / Black,Painter,Painting & Decorating,Preparation & Finishing,Timber & Board,Painting
51796,0,Fleetwood Interior Soft Sheen P Base Paint - 5L,Painter,Painting & Decorating,Preparation & Finishing,Timber & Board,Painting
51797,0,Fleetwood Interior Soft Sheen M Base Paint - 5L,Painter,Painting & Decorating,Preparation & Finishing,Timber & Board,Painting
51798,0,Fleetwood Interior Soft Sheen D Base Paint - 5L,Painter,Painting & Decorating,Preparation & Finishing,Timber & Board,Painting
51799,0,Fleetwood Interior Soft Sheen B Base Paint - 5L,Painter,Painting & Decorating,Preparation & Finishing,Timber & Board,Painting
51800,0,Fleetwood Easyclean Washable Matt P Base Paint - 5L,Painter,Painting & Decorating,Preparation & Finishing,Timber & Board,Painting
51801,0,Fleetwood Easyclean Washable Matt M Base Paint - 5L,Painter,Painting & Decorating,Preparation & Finishing,Timber & Board,Painting
51802,0,Fleetwood Easyclean Washable Matt D Base Paint - 5L,Painter,Painting & Decorating,Preparation & Finishing,Timber & Board,Painting
51803,0,Fleetwood Easyclean Washable Matt B Base Paint - 5L,Painter,Painting & Decorating,Preparation & Finishing,Timber & Board,Painting
51804,0,Fleetwood Interior Soft Sheen P Base Paint - 2.50L,Painter,Painting & Decorating,Preparation & Finishing,Timber & Board,Painting
51805,0,Fleetwood Interior Soft Sheen M Base Paint - 2.50L,Painter,Painting & Decorating,Preparation & Finishing,Timber & Board,Painting
51806,0,Fleetwood Interior Soft Sheen D Base Paint - 2.50L,Painter,Painting & Decorating,Preparation & Finishing,Timber & Board,Painting
51807,0,Fleetwood Interior Soft Sheen B Base Paint - 2.50L,Painter,Painting & Decorating,Preparation & Finishing,Timber & Board,Painting
51808,0,Fleetwood Advanced Quick Dry Satinwood P Base Paint - 2.50L,Painter,Painting & Decorating,Preparation & Finishing,Timber & Board,Painting
51809,0,Fleetwood Advanced Quick Dry Satinwood M Base Paint - 2.50L,Painter,Painting & Decorating,Preparation & Finishing,Timber & Board,Painting
51810,0,Fleetwood Advanced Quick Dry Satinwood D Base Paint - 2.50L,Painter,Painting & Decorating,Preparation & Finishing,Timber & Board,Painting
51811,0,Fleetwood Advanced Quick Dry Satinwood B Base Paint - 2.50L,Painter,Painting & Decorating,Preparation & Finishing,Timber & Board,Painting
51812,0,Fleetwood Easyclean Washable Matt P Base Paint - 2.50L,Painter,Painting & Decorating,Preparation & Finishing,Timber & Board,Painting
51813,0,Fleetwood Easyclean Washable Matt M Base Paint - 2.50L,Painter,Painting & Decorating,Preparation & Finishing,Timber & Board,Painting
51814,0,Fleetwood Easyclean Washable Matt D Base Paint - 2.50L,Painter,Painting & Decorating,Preparation & Finishing,Timber & Board,Painting
51815,0,Fleetwood Easyclean Washable Matt B Base Paint - 2.50L,Painter,Painting & Decorating,Preparation & Finishing,Timber & Board,Painting
51816,0,Fleetwood Advanced Quick Dry Gloss P Base Paint - 2.50L,Painter,Painting & Decorating,Preparation & Finishing,Timber & Board,Painting
51817,0,Fleetwood Advanced Quick Dry Gloss M Base Paint - 2.50L,Painter,Painting & Decorating,Preparation & Finishing,Timber & Board,Painting
51818,0,Fleetwood Advanced Quick Dry Gloss D Base Paint - 2.50L,Painter,Painting & Decorating,Preparation & Finishing,Timber & Board,Painting
51819,0,Fleetwood Advanced Quick Dry Gloss B Base Paint - 2.50L,Painter,Painting & Decorating,Preparation & Finishing,Timber & Board,Painting
51820,0,Fleetwood Advanced Primer Undercoat P Base Paint - 2.50L,Painter,Painting & Decorating,Preparation & Finishing,Timber & Board,Painting
51821,0,Fleetwood Advanced Primer Undercoat M Base Paint - 2.50L,Painter,Painting & Decorating,Preparation & Finishing,Timber & Board,Painting
51822,0,Fleetwood Advanced Primer Undercoat D Base Paint - 2.50L,Painter,Painting & Decorating,Preparation & Finishing,Timber & Board,Painting
51823,0,Fleetwood Advanced Primer Undercoat B Base Paint - 2.50L,Painter,Painting & Decorating,Preparation & Finishing,Timber & Board,Painting
51839,0,Fleetwood Advanced Primer Undercoat P Base Paint - 1L,Painter,Painting & Decorating,Preparation & Finishing,Timber & Board,Painting
51840,0,Fleetwood Advanced Primer Undercoat M Base Paint - 1L,Painter,Painting & Decorating,Preparation & Finishing,Timber & Board,Painting
51841,0,Fleetwood Advanced Primer Undercoat D Base Paint - 1L,Painter,Painting & Decorating,Preparation & Finishing,Timber & Board,Painting
51842,0,Fleetwood Advanced Primer Undercoat B Base Paint - 1L,Painter,Painting & Decorating,Preparation & Finishing,Timber & Board,Painting
51843,0,Fleetwood Advanced Quick Dry Satinwood P Base Paint - 1L,Painter,Painting & Decorating,Preparation & Finishing,Timber & Board,Painting
51844,0,Fleetwood Advanced Quick Dry Satinwood M Base Paint - 1L,Painter,Painting & Decorating,Preparation & Finishing,Timber & Board,Painting
51845,0,Fleetwood Advanced Quick Dry Satinwood D Base Paint - 1L,Painter,Painting & Decorating,Preparation & Finishing,Timber & Board,Painting
51846,0,Fleetwood Advanced Quick Dry Satinwood B Base Paint - 1L,Painter,Painting & Decorating,Preparation & Finishing,Timber & Board,Painting
51847,0,Fleetwood Advanced Quick Dry Gloss P Base Paint - 1L,Painter,Painting & Decorating,Preparation & Finishing,Timber & Board,Painting
51848,0,Fleetwood Advanced Quick Dry Gloss M Base Paint - 1L,Painter,Painting & Decorating,Preparation & Finishing,Timber & Board,Painting
51849,0,Fleetwood Advanced Quick Dry Gloss D Base Paint - 1L,Painter,Painting & Decorating,Preparation & Finishing,Timber & Board,Painting
51850,0,Fleetwood Advanced Quick Dry Gloss B Base Paint - 1L,Painter,Painting & Decorating,Preparation & Finishing,Timber & Board,Painting
51851,0,Fleetwood Interior Soft Sheen P Base Paint - 1L,Painter,Painting & Decorating,Preparation & Finishing,Timber & Board,Painting
51852,0,Fleetwood Interior Soft Sheen B Base Paint - 1L,Painter,Painting & Decorating,Preparation & Finishing,Timber & Board,Painting
51853,0,Fleetwood Interior Soft Sheen M Base Paint - 1L,Painter,Painting & Decorating,Preparation & Finishing,Timber & Board,Painting
51854,0,Fleetwood Interior Soft Sheen D Base Paint - 1L,Painter,Painting & Decorating,Preparation & Finishing,Timber & Board,Painting
51859,0,Fleetwood Easyclean Washable Matt P Base Paint - 1L,Painter,Painting & Decorating,Preparation & Finishing,Timber & Board,Painting
51860,0,Fleetwood Easyclean Washable Matt B Base Paint - 1L,Painter,Painting & Decorating,Preparation & Finishing,Timber & Board,Painting
51861,0,Fleetwood Easyclean Washable Matt M Base Paint - 1L,Painter,Painting & Decorating,Preparation & Finishing,Timber & Board,Painting
51862,0,Fleetwood Easyclean Washable Matt D Base Paint - 1L,Painter,Painting & Decorating,Preparation & Finishing,Timber & Board,Painting
51863,0,Base Colours BSE Colour Sample P Base 250ML,Painter,Painting & Decorating,Preparation & Finishing,Plaster & Drywall,Wall-fixing
51864,0,Base Colours BSE Colour Sample M Base 250ML,Painter,Painting & Decorating,Preparation & Finishing,Plaster & Drywall,Wall-fixing
51865,0,Base Colours BSE Colour Sample D Base 250ML,Painter,Painting & Decorating,Preparation & Finishing,Plaster & Drywall,Wall-fixing
51866,0,Base Colours BSE Colour Sample B Base 250ML,Painter,Painting & Decorating,Preparation & Finishing,Plaster & Drywall,Wall-fixing
51869,0,Fleetwood Damp and Water Mark Primer Paint - 1 L / White,Painter,Painting & Decorating,Preparation & Finishing,Timber & Board,Painting
51873,1,Fleetwood Mould Preventing Paint - 2.50 L / White,Painter,Painting & Decorating,Preparation & Finishing,Timber & Board,Painting
51874,1,Fleetwood Mould Preventing Paint - 1 L / White,Painter,Painting & Decorating,Preparation & Finishing,Timber & Board,Painting
51891,0,Old Trafford Red Brick,Block Layer,Heavy Building Materials,Main Material,Masonry & Stone,Wall-fixing
51893,0,Trojan S/A Uni-Coverstrip 2.7M Silver,Carpenter,Timber & Sheet Materials,Main Material,Timber & Board,Wall-fixing
51894,0,Trojan S/A Uni-Coverstrip 2.7M Gold,Carpenter,Timber & Sheet Materials,Main Material,Timber & Board,Wall-fixing
51895,0,Trojan S/A Uni-Coverstrip 2.7M Natural Oak,Carpenter,Timber & Sheet Materials,Main Material,Timber & Board,Wall-fixing
51896,0,Trojan A14 Uni Coverstrip - 0.9M / Dark Oak,Carpenter,Timber & Sheet Materials,Main Material,Timber & Board,Wall-fixing
51897,0,Trojan Carpet Coverstrip - 0.9M / Gold,Carpenter,Timber & Sheet Materials,Preparation & Finishing,Metal,Wall-fixing
51915,1,Orra Lattice Panel Top Trellis 1830 x 300mm (6x1) ,Carpenter,Timber & Sheet Materials,Main Material,Timber & Board,Wall-fixing
51916,1,Orra Convex Lattice Panel Top Trellis 1830 x 300mm (6x1) ,Gardener,Timber & Sheet Materials,Main Material,Timber & Board,Wall-fixing
51917,1,Horizontal Feather Edge Fence Panel 1830 x 1543mm Treated (Green) (6x5) ,Gardener,Garden & Landscaping,Main Material,Timber & Board,Building Materials/Structural
51918,1,Horizontal Feather Edge Fence Panel 1830 x 1238mm Treated (Green ) (6x4) ,Gardener,Garden & Landscaping,Main Material,Timber & Board,Building Materials/Structural
51919,1,Causeway Fence Panel 1800 x 1800mm Treated (Green) (6x6),Gardener,Garden & Landscaping,Preparation & Finishing,Timber & Board,Building Materials/Structural
51920,1,Vertical Feather Edge Fence Panel 1830 x 1238mm Treated (Green) (6x4),Gardener,Timber & Sheet Materials,Main Material,Timber & Board,Building Materials/Structural
51936,0,Belmont End Bath Panel - 1700mm,Plumber,Plumbing & Drainage,Main Material,Timber & Board,Wall-fixing
51940,1,Faithfull Bi-Metal Cobalt Holesaw - 16 mm,Plasterer,Tools & Accessories,Main Tool,Metal,Cutting
51942,1,Faithfull Bi-Metal Cobalt Holesaw - 22 mm,Plasterer,Tools & Accessories,Main Tool,Metal,Cutting
51943,1,Faithfull Bi-Metal Cobalt Holesaw - 25 mm,Plasterer,Tools & Accessories,Main Tool,Metal,Cutting
51944,1,Faithfull Bi-Metal Cobalt Holesaw - 32 mm,Plasterer,Tools & Accessories,Main Tool,Metal,Cutting
51945,1,Faithfull Bi-Metal Cobalt Holesaw - 35 mm,Plasterer,Tools & Accessories,Main Tool,Metal,Cutting
51946,1,Faithfull Bi-Metal Cobalt Holesaw - 44 mm,Plasterer,Tools & Accessories,Main Tool,Metal,Cutting
51947,1,Faithfull Bi-Metal Cobalt Holesaw - 51 mm,Plasterer,Tools & Accessories,Main Tool,Metal,Cutting
51948,1,Faithfull Bi-Metal Cobalt Holesaw - 57 mm,Plasterer,Tools & Accessories,Main Tool,Metal,Cutting
51949,1,Faithfull Bi-Metal Cobalt Holesaw - 64 mm,Plasterer,Tools & Accessories,Main Tool,Metal,Cutting
51950,1,Faithfull Bi-Metal Cobalt Holesaw - 70 mm,Plasterer,Tools & Accessories,Main Tool,Metal,Cutting
51951,1,Faithfull Bi-Metal Cobalt Holesaw - 76 mm,Plasterer,Tools & Accessories,Main Tool,Metal,Cutting
51952,1,Faithfull Bi-Metal Cobalt Holesaw - 102 mm,Plasterer,Tools & Accessories,Main Tool,Metal,Cutting
51953,1,Faithfull Bi-Metal Cobalt Holesaw - 114 mm,Plasterer,Tools & Accessories,Main Tool,Metal,Cutting
51955,1,Faithfull Holesaw Arbor 32-210mm,Carpenter,Tools & Accessories,Main Tool,Metal,Cutting
51978,1,Giacomini Stella Wheel Head Radiator Valve,Plumber,Plumbing & Drainage,Accessory Tool,Metal,Plumbing & Joining
51979,1,Giacomini Stella Lock Shield Radiator Valve,Plumber,Plumbing & Drainage,Accessory Tool,Metal,Plumbing & Joining
51980,1,Soudal Grip All  Grab Adhesive 290ml ,Plasterer,"Fixings, Adhesives & Sealants",Fixing & Adhesion,Plaster & Drywall,Sealing & Filling
51987,1,Copper Pipe 3/4 inch 3m Length,Plumber,Plumbing & Drainage,Main Material,Metal,Plumbing & Joining
51988,1,Chrome Copper Pipe 15mm 3m length,Plumber,Plumbing & Drainage,Main Material,Metal,Plumbing & Joining
51989,0,Monsoon 1.5bar Twin Universal Brass Pump,Electrician,Plumbing & Drainage,Main Tool,Metal,Plumbing & Joining
51991,1,Roughneck Micro Round Shovel 27 inch,Gardener,Garden & Landscaping,Accessory Tool,Metal,Garden & Landscaping
51992,1,Roughneck Micro Square Shovel 27 inch,Gardener,Garden & Landscaping,Accessory Tool,Metal,Garden & Landscaping
51997,1,"1/2"" Brass Female Tee",Plumber,Plumbing & Drainage,Accessory Tool,Metal,Plumbing & Joining
51998,1,"3/4"" Brass Female Tee",Plumber,Plumbing & Drainage,Accessory Tool,Metal,Plumbing & Joining
51999,1,"1"" Brass Female Tee",Plumber,Plumbing & Drainage,Accessory Tool,Metal,Plumbing & Joining
52006,1,Atlantic Under Sink Water Heater - 15L,Electrician,Plumbing & Drainage,Accessory Tool,Metal,Plumbing & Joining
52007,1,Brass Security Door Chain - 100 mm,Carpenter,Tools & Accessories,Accessory Tool,Metal,Security & Ironmongery
52008,1,Rack Bolt Star Key Pattern - 60 mm,Civils,Tools & Accessories,Accessory Tool,Metal,Wall-fixing
52010,1,Finger Plate Plain 300x75mm Satin Aluminium,Carpenter,Tools & Accessories,Accessory Tool,Timber & Board,Wall-fixing
52011,1,"Finger Plate ""PUSH"" 300x75mm Satin Aluminium",Carpenter,Tools & Accessories,Accessory Tool,Timber & Board,Wall-fixing
52012,1,"Finger Plate ""PULL"" 300x75mm Satin Aluminium",Carpenter,Tools & Accessories,Accessory Tool,Timber & Board,Wall-fixing
52013,1,Indicator Slide Bolt ( Red/Green Indicator/ Toilet Door) Satin Aluminium,Plumber,Tools & Accessories,Accessory Tool,Metal,Plumbing & Joining
52015,1,Black Antique Lever Lock Set Fleur-De-Lys,Locksmith,Tools & Accessories,Accessory Tool,Metal,Wall-fixing
52017,1,"Sign ""MALE"" Self Adhesive Chrome Plated 150x100mm ",Plumber,Tools & Accessories,Preparation & Finishing,Plastic & PVC,Plumbing & Joining
52018,1,"Sign ""FEMALE"" Self Adhesive Chrome Plated 150x100mm ",Plumber,Tools & Accessories,Preparation & Finishing,Plastic & PVC,Plumbing & Joining
52019,1,"Sign ""DISABLED"" Self Adhesive 150x100mm",Plumber,Tools & Accessories,Preparation & Finishing,Plastic & PVC,Plumbing & Joining
52021,1,Galvanised Bucket 11 inch,Plumber,Site & Workshop Equipment,Site Support & Storage,Timber & Board,Plumbing & Joining
52022,1,Yellow Plastic 32 Tooth Rake Head - 640 mm,Gardener,Garden & Landscaping,Main Tool,Plastic & PVC,Cleaning
52023,1,Tapered Timber Garden Rake Handle 60 x 1 1/8 inch ,Gardener,Garden & Landscaping,Main Tool,Timber & Board,Garden & Landscaping
52024,0,Victorian Numerals (Screw Fix) 0 Chrome Plated  ***,Carpenter,Tools & Accessories,Accessory Tool,Timber & Board,Wall-fixing
52025,0,Victorian Numerals (Screw Fix) 1 Chrome Plated ***,Carpenter,Tools & Accessories,Accessory Tool,Timber & Board,Wall-fixing
52026,0,Victorian Numerals (Screw Fix) 2 Chrome Plated ***,Carpenter,Tools & Accessories,Accessory Tool,Timber & Board,Wall-fixing
52027,0,Victorian Numerals (Screw Fix) 3 Chrome Plated ***,Carpenter,Tools & Accessories,Accessory Tool,Timber & Board,Wall-fixing
52028,0,Victorian Numerals (Screw Fix) 4 Chrome Plated ***,Carpenter,Tools & Accessories,Accessory Tool,Timber & Board,Wall-fixing
52029,0,Victorian Numerals (Screw Fix) 5 Chrome Plated ***,Carpenter,Tools & Accessories,Accessory Tool,Timber & Board,Wall-fixing
52030,0,Victorian Numerals (Screw Fix) 6 Chrome Plated ***,Carpenter,Tools & Accessories,Accessory Tool,Timber & Board,Wall-fixing
52031,0,Victorian Numerals (Screw Fix) 7 Chrome Plated ***,Carpenter,Tools & Accessories,Accessory Tool,Timber & Board,Wall-fixing
52032,0,Victorian Numerals (Screw Fix) 8 Chrome Plated ***,Carpenter,Tools & Accessories,Accessory Tool,Timber & Board,Wall-fixing
52033,0,Victorian Numerals (Screw Fix) 9 Chrome Plated ***,Carpenter,Tools & Accessories,Accessory Tool,Timber & Board,Wall-fixing
52034,1,Lever Action Flush Bolt 100mm Chrome Plated,Carpenter,Tools & Accessories,Accessory Tool,Timber & Board,Wall-fixing
52061,1,Plastic Chain - 40 mm / Red and White,Civils,Tools & Accessories,Site Support & Storage,Plastic & PVC,Wall-fixing
52066,1,Connex Cold Galvanized Steel C-Link Chain - 4 mm,Plumber,Tools & Accessories,Site Support & Storage,Metal,Access & Lifting
52067,1,Connex Cold Galvanized Steel C-Link Chain - 5 mm,Plumber,Tools & Accessories,Site Support & Storage,Metal,Access & Lifting
52068,1,Connex Cold Galvanized Steel C-Link Chain - 6 mm,Plumber,Tools & Accessories,Site Support & Storage,Metal,Access & Lifting
52072,1,A-Link Chain Cold  Galvanised - 3 mm 'Per Metre',Plumber,Tools & Accessories,Site Support & Storage,Metal,Access & Lifting
52075,0,Connex 3 Ends Twisted Polypropylene Rope - 6 mm / Orange,Civils,Tools & Accessories,Site Support & Storage,Plastic & PVC,Access & Lifting
52077,0,Connex 3 Ends Twisted Polypropylene Rope - 10 mm / Orange,Civils,Tools & Accessories,Site Support & Storage,Plastic & PVC,Access & Lifting
52078,1,Wire Rope - 3 mm 'Per Metre',Tiler,Tools & Accessories,Site Support & Storage,Metal,Access & Lifting
52079,1,Wire Rope - 2 mm 'Per Metre',Tiler,Tools & Accessories,Site Support & Storage,Metal,Access & Lifting
52080,1,Plastic Sheathed Wire Rope - 3 mm 'Per Metre' ,Tiler,Tools & Accessories,Site Support & Storage,Plastic & PVC,Access & Lifting
52082,0,Double Ended Swivel Nickel Coated 10mm ***,Civils,Tools & Accessories,Site Support & Storage,Metal,Wall-fixing
52084,0,Connex Double Snap Hook - 90 mm / Nickel Plated,Civils,Tools & Accessories,Site Support & Storage,Metal,Access & Lifting
52085,0,Snap Hook (Turnable Ring) Nickel Coated 90mm  Load Limit 27kg ***,Civils,Tools & Accessories,Site Support & Storage,Metal,Access & Lifting
52088,1,Connex Galvanized Firemans Snap Hook - 80 mm,Civils,Tools & Accessories,Site Support & Storage,Metal,Access & Lifting
52090,0,Connex Snap Hook with Turnable Ring - 85 mm / Nickel Plated,Civils,Tools & Accessories,Site Support & Storage,Metal,Access & Lifting
52091,0,Connex Galvanised Rope Extender - 75 mm / Zinc,Civils,Tools & Accessories,Site Support & Storage,Metal,Access & Lifting
52092,1,Galvanized Shackles - M5 x 10 mm,Civils,Tools & Accessories,Site Support & Storage,Metal,Access & Lifting
52093,1,Galvanized Shackles - M8 x 16 mm,Civils,Tools & Accessories,Site Support & Storage,Metal,Access & Lifting
52094,0,Connex Single Polyamide Rope Block Sheave - 6 mm,Block Layer,Tools & Accessories,Site Support & Storage,Plastic & PVC,Access & Lifting
52095,1,Single Polyamide Rope Block Sheave - 8 mm,Block Layer,Tools & Accessories,Accessory Tool,Plastic & PVC,Access & Lifting
52096,1,Single Polyamide Rope Block Sheave - 9 mm,Block Layer,Tools & Accessories,Accessory Tool,Plastic & PVC,Access & Lifting
52097,0,Connex Rope Sheave - 40 mm,Electrician,Tools & Accessories,Site Support & Storage,Metal,Access & Lifting
52098,0,Connex Rope Sheave - 65 mm,Electrician,Tools & Accessories,Site Support & Storage,Metal,Access & Lifting
52099,0,Connex Rope Sheave - 78 mm,Electrician,Tools & Accessories,Site Support & Storage,Metal,Access & Lifting
52100,0,Connex Screw-In Rope Sheave with Polyamide Coil - 40 mm,Civils,Tools & Accessories,Site Support & Storage,Metal,Access & Lifting
52101,1,Screw-In Rope Sheave with Polyamide Coil - 8 mm,Civils,Tools & Accessories,Site Support & Storage,Metal,Access & Lifting
52102,1,Swing Hook with Cuff and Snap Hook - 100 mm,Civils,Tools & Accessories,Site Support & Storage,Metal,Access & Lifting
52103,0,Connex Ceiling Hooks - 140 mm,Civils,Tools & Accessories,Site Support & Storage,Metal,Access & Lifting
52105,0,Connex Safety Swing Hook - 12 mm x 160 mm,Civils,Tools & Accessories,Site Support & Storage,Metal,Access & Lifting
52106,0,Connex Galvanized Swing Rings - 9 mm x 40 mm,Civils,Tools & Accessories,Site Support & Storage,Plastic & PVC,Access & Lifting
52107,0,Connex Safety Swing Hook - M12 x 180 mm,Civils,Tools & Accessories,Site Support & Storage,Metal,Access & Lifting
52110,0,Connex Galvanised Turning Buckle with Hooks & Eyes - M10 x 125 mm,Civils,Tools & Accessories,Site Support & Storage,Metal,Access & Lifting
52111,0,Connex Galvanized Chain Link - 4 mm / 10 mm,Plumber,Tools & Accessories,Site Support & Storage,Metal,Access & Lifting
52113,0,Rope Cramp Brass 75mm ***,Civils,Tools & Accessories,Site Support & Storage,Metal,Access & Lifting
52115,1,Lashing Strap with Tensioning Ratchet - 5 m 1500kg,Civils,Tools & Accessories,Site Support & Storage,Metal,Mixing
52116,1,Lashing Strap with Tensioning Ratchet and J-Hook - 5 m 1500kg,Civils,Tools & Accessories,Site Support & Storage,Metal,Access & Lifting
52117,1,Lashing Strap with Tensioning Ratchet and J-Hook - 6 m 2000kg,Civils,Tools & Accessories,Site Support & Storage,Metal,Access & Lifting
52118,1,Lashing Strap with Tensioning Ratchet and Claw Hook - 8 m 4000 kg ,Civils,Tools & Accessories,Site Support & Storage,Metal,Access & Lifting
52119,1,Lashing Strap with Tensioning Ratchet and Claw Hook - 8 m 5000 kg ,Civils,Tools & Accessories,Site Support & Storage,Metal,Access & Lifting
52121,0,Connex Galvanised Steel Wire Clamps - 5 mm,Civils,Tools & Accessories,Site Support & Storage,Metal,Access & Lifting
52122,0,Connex Galvanised Steel Wire Clamps - 6 mm,Civils,Tools & Accessories,Site Support & Storage,Metal,Access & Lifting
52123,0,Connex Galvanised Steel Wire Clamps - 8 mm,Civils,Tools & Accessories,Site Support & Storage,Metal,Access & Lifting
52124,0,Connex Galvanised Steel Wire Clamps - 11 mm,Civils,Tools & Accessories,Site Support & Storage,Metal,Access & Lifting
52125,1,Wire Rope Thimble - 3 mm,Civils,Tools & Accessories,Site Support & Storage,Metal,Access & Lifting
52126,0,Connex Wire Rope Thimble - 5 mm,Civils,Tools & Accessories,Site Support & Storage,Metal,Access & Lifting
52127,0,Connex Wire Rope Thimble - 6 mm,Civils,Tools & Accessories,Site Support & Storage,Metal,Access & Lifting
52128,0,Connex Wire Rope Thimble - 8 mm,Civils,Tools & Accessories,Site Support & Storage,Metal,Access & Lifting
52129,0,Connex Wire Rope Thimble - 12 mm,Civils,Tools & Accessories,Site Support & Storage,Metal,Access & Lifting
52130,1,Galvanized Shackles - M6 x 13 mm 100kg Load Limit,Civils,Tools & Accessories,Site Support & Storage,Metal,Access & Lifting
52131,1,Galvanized Shackle - M10 x 22 mm 300kg Load Limit,Civils,Tools & Accessories,Site Support & Storage,Metal,Access & Lifting
52133,1,Galvanized S Hooks - 4.80 mm x 45 mm,Electrician,Tools & Accessories,Site Support & Storage,Metal,Access & Lifting
52134,0,Connex Galvanized Chain Link - 6 mm / 14 mm,Plumber,Tools & Accessories,Site Support & Storage,Metal,Access & Lifting
52135,0,Connex Galvanized Chain Link - 8 mm / 18 mm,Plumber,Tools & Accessories,Site Support & Storage,Metal,Access & Lifting
52137,0,Connex Simplex Snap Hooks with Swivel - 40 mm,Civils,Tools & Accessories,Site Support & Storage,Metal,Access & Lifting
52138,0,Connex Simplex Snap Hooks with Swivel - 50 mm,Civils,Tools & Accessories,Site Support & Storage,Metal,Access & Lifting
52139,0,Connex Simplex Snap Hooks with Swivel - 60 mm,Civils,Tools & Accessories,Site Support & Storage,Metal,Access & Lifting
52140,0,Connex Simplex Snap Hook with Swivel - 80 mm,Civils,Tools & Accessories,Site Support & Storage,Metal,Access & Lifting
52141,0,Connex Simplex Snap Hook with Swivel - 100 mm,Civils,Tools & Accessories,Site Support & Storage,Metal,Access & Lifting
52143,1,Galvanised Wire Rope Duplex Clamps - 3 mm,Civils,Tools & Accessories,Site Support & Storage,Metal,Access & Lifting
52144,0,Connex Wire Rope Duplex Clamp - 6 mm,Civils,Tools & Accessories,Site Support & Storage,Metal,Access & Lifting
52145,1,A2 Stainless Steel Firemans Snap Hook - 60 mm,Civils,Tools & Accessories,Site Support & Storage,Metal,Access & Lifting
52146,1,A2 Stainless Steel Firemans Snap Hook - 80 mm,Civils,Tools & Accessories,Site Support & Storage,Metal,Access & Lifting
52147,0,Connex A2 Stainless Steel Shackles - M5 x 10 mm,Civils,Tools & Accessories,Site Support & Storage,Metal,Access & Lifting
52150,0,Connex A2 Stainless Steel Clamps - 6 mm,Civils,Tools & Accessories,Site Support & Storage,Metal,Access & Lifting
52151,0,Connex A2 Stainless Steel Wire Rope Thimble - 3 mm,Civils,Tools & Accessories,Site Support & Storage,Metal,Access & Lifting
52152,0,Connex A2 Stainless Steel Wire Rope Thimble - 6 mm,Civils,Tools & Accessories,Site Support & Storage,Metal,Access & Lifting
52153,0,Connex A2 Stainless Steel Chain Link - 4 mm / 50 kg,Plumber,Tools & Accessories,Site Support & Storage,Metal,Access & Lifting
52154,0,Connex A2 Stainless Steel Chain Link - 6 mm / 200 kg,Plumber,Tools & Accessories,Site Support & Storage,Metal,Access & Lifting
52155,0,Connex Simplex Terminal Clamp - 3 mm,Civils,Tools & Accessories,Site Support & Storage,Metal,Access & Lifting
52156,0,Connex Simplex Terminal Clamp - 6 mm,Civils,Tools & Accessories,Site Support & Storage,Metal,Access & Lifting
52157,1,A2 Stainless Steel Firemans Snap Hook - 50 mm,Civils,Tools & Accessories,Site Support & Storage,Metal,Access & Lifting
52158,1,A2 Stainless Steel Firemans Snap Hook - 100 mm,Civils,Tools & Accessories,Site Support & Storage,Metal,Access & Lifting
52160,0,Chain Links (2) Emergency A2 Stainless Steel 4mm  ***,Civils,Tools & Accessories,Site Support & Storage,Metal,Access & Lifting
52161,0,Connex Stainless Steel Turning Buckle with Hooks & Eyes - M5 x 70 mm,Civils,Tools & Accessories,Site Support & Storage,Metal,Access & Lifting
52162,0,Connex Stainless Steel Turning Buckle with Hooks & Eyes - M6 x 100 mm,Civils,Tools & Accessories,Site Support & Storage,Metal,Access & Lifting
52163,0,Connex Fireman's Spring Hook - 6 mm x 60 mm,Civils,Tools & Accessories,Site Support & Storage,Metal,Access & Lifting
52164,0,Connex Fireman's Spring Hook - 8 mm x 80 mm,Civils,Tools & Accessories,Site Support & Storage,Metal,Access & Lifting
52165,0,Connex Galvanised Chain Links - 3 mm x 16 mm  >  4 pcs.,Plumber,Tools & Accessories,Site Support & Storage,Metal,Access & Lifting
52166,1,Connex Galvanised Chain Links - 4 mm x 20 mm  >  4 pcs.,Plumber,Tools & Accessories,Site Support & Storage,Metal,Access & Lifting
52167,0,Connex Galvanised Chain Links - 5 mm x 23 mm  >  2 pcs.,Plumber,Tools & Accessories,Site Support & Storage,Metal,Access & Lifting
52168,0,Connex Galvanised Chain Links - 6 mm x 28 mm  >  2 pcs.,Plumber,Tools & Accessories,Site Support & Storage,Metal,Access & Lifting
52169,0,Connex Galvanised Rings - 3 mm x 20 mm  >  2 pcs.,Civils,Tools & Accessories,Site Support & Storage,Metal,Access & Lifting
52170,0,Connex Galvanised Rings - 4 mm x 32 mm  >  2 pcs.,Civils,Tools & Accessories,Site Support & Storage,Metal,Access & Lifting
52171,0,Connex Galvanised Rings - 5 mm x 40 mm  >  2 pcs.,Civils,Tools & Accessories,Site Support & Storage,Metal,Access & Lifting
52172,0,Connex Galvanised Rings - 6 mm x 50 mm  >  2 pcs.,Civils,Tools & Accessories,Site Support & Storage,Metal,Access & Lifting
52174,0,Connex Hammock Hook - 110 mm,Civils,Tools & Accessories,Site Support & Storage,Metal,Access & Lifting
52175,0,Connex Galvanised Turning Buckles - M5 x 70 mm  >  2 pcs.,Electrician,Tools & Accessories,Site Support & Storage,Metal,Access & Lifting
52177,0,Connex Fireman's Galvanized Spring Hook - 8 mm x 80 mm,Civils,Tools & Accessories,Site Support & Storage,Metal,Access & Lifting
52178,0,Panic Hook With Eye Galvanised 100mm ***,Civils,Tools & Accessories,Site Support & Storage,Metal,Access & Lifting
52184,1,Quartz Bath Filler - Chrome,Plumber,Plumbing & Drainage,Accessory Tool,Metal,Plumbing & Joining
52185,1,Bathrooms Tidy Bath Waste - Chrome,Plumber,Plumbing & Drainage,Accessory Tool,Metal,Plumbing & Joining
52187,1,Cosmos Bath Shower Mixer - Chrome,Plumber,Plumbing & Drainage,Accessory Tool,Metal,Plumbing & Joining
52193,0,Everbuild Quick Drying Clear Varnish - Gloss / 2.50 L,Carpenter,Painting & Decorating,Preparation & Finishing,Timber & Board,Painting
52197,0,Everbuild Quick Drying Clear Varnish - Satin / 2.50 L,Carpenter,Painting & Decorating,Preparation & Finishing,Timber & Board,Painting
52199,0,Everbuild Quick Drying Clear Varnish - Satin / 750 ml,Carpenter,Painting & Decorating,Preparation & Finishing,Timber & Board,Painting
52225,0,Everbuild Quick Drying Wood Stain - 2.50 L / Clear,Carpenter,Painting & Decorating,Preparation & Finishing,Timber & Board,Painting
52226,0,Everbuild Quick Drying Wood Stain - 750 ml / Clear,Carpenter,Painting & Decorating,Preparation & Finishing,Timber & Board,Painting
52227,0,Everbuild Quick Drying Wood Stain - 2.50 L / Antique Pine,Carpenter,Painting & Decorating,Preparation & Finishing,Timber & Board,Painting
52228,0,Everbuild Quick Drying Wood Stain - 750 ml / Antique Pine,Carpenter,Painting & Decorating,Preparation & Finishing,Timber & Board,Painting
52229,0,Everbuild Quick Drying Wood Stain - 2.50 L / Dark Oak,Carpenter,Painting & Decorating,Preparation & Finishing,Timber & Board,Painting
52230,0,Everbuild Quick Drying Wood Stain - 750 ml / Dark Oak,Carpenter,Painting & Decorating,Preparation & Finishing,Timber & Board,Painting
52231,0,Everbuild Quick Drying Wood Stain - 2.50 L / Mahogany,Carpenter,Painting & Decorating,Preparation & Finishing,Timber & Board,Painting
52232,0,Everbuild Quick Drying Wood Stain - 750 ml / Mahogany,Carpenter,Painting & Decorating,Preparation & Finishing,Timber & Board,Painting
52234,0,Everbuild Quick Drying Wood Stain - 750 ml / Natural Oak,Carpenter,Painting & Decorating,Preparation & Finishing,Timber & Board,Painting
52235,0,Everbuild Quick Drying Wood Stain - 2.50 L / Rosewood,Carpenter,Painting & Decorating,Preparation & Finishing,Timber & Board,Painting
52236,0,Everbuild Quick Drying Wood Stain - 750 ml / Rosewood,Carpenter,Painting & Decorating,Preparation & Finishing,Timber & Board,Painting
52237,0,Everbuild Quick Drying Wood Stain - 2.50 L / Teak,Carpenter,Painting & Decorating,Preparation & Finishing,Timber & Board,Painting
52238,0,Everbuild Quick Drying Wood Stain - 750 ml / Teak,Carpenter,Painting & Decorating,Preparation & Finishing,Timber & Board,Painting
52239,0,Everbuild Quick Drying Wood Stain - 2.50 L / Walnut,Carpenter,Painting & Decorating,Preparation & Finishing,Timber & Board,Painting
52240,0,Everbuild Quick Drying Wood Stain - 750 ml / Walnut,Carpenter,Painting & Decorating,Preparation & Finishing,Timber & Board,Painting
52241,1,Rubershield Jointing Tape 25mmx50M,Roofer,"Fixings, Adhesives & Sealants",Fixing & Adhesion,Plaster & Drywall,Sealing & Filling
52300,1,Tessi Long Shackle Solid Brass Padlock - 50 mm,Tiler,Tools & Accessories,Accessory Tool,Metal,Security & Ironmongery
52303,1,Carlisle Brass Oval Floor Mounted Door Stop - Polished Chrome / 44.50mm x 26mm,Carpenter,Tools & Accessories,Accessory Tool,Metal,Security & Ironmongery
52304,1,Carlisle Brass Oval Floor Mounted Door Stop - Satin Chrome / 44.50mm x 26mm,Carpenter,Tools & Accessories,Accessory Tool,Metal,Security & Ironmongery
52305,1,Carlisle Brass Cylinder Pattern Door Stop on Rose - Polished Brass,Carpenter,Tools & Accessories,Accessory Tool,Metal,Security & Ironmongery
48573,1,Envirofoam Insulated Indirect Stainless Steel Open Vented Cylinder incl Immersion 36x16inch ,Plumber,Plumbing & Drainage,Main Material,Metal,Plumbing & Joining
48574,0,Envirofoam Insulated Indirect Stainless Steel Open Vented Cylinder 36x18inch ,Plumber,Plumbing & Drainage,Main Material,Metal,Plumbing & Joining
48575,1,Envirofoam Slimline Insulated Indirect Stainless Steel Open Vented Cylinder 42x16inch ,Plumber,Plumbing & Drainage,Main Material,Metal,Plumbing & Joining
48576,0,Envirofoam Insulated Indirect Stainless Steel Open Vented Cylinder 42x18inch ,Plumber,Plumbing & Drainage,Main Material,Metal,Plumbing & Joining
48577,1,Envirofoam Insulated Indirect Stainless Steel Open Vented Cylinder 48x18inch ,Plumber,Plumbing & Drainage,Main Material,Metal,Plumbing & Joining
48578,1,Envirofoam Twin Coil Stainless Steel Open Vented Cylinder 36x18inch,Plumber,Plumbing & Drainage,Main Material,Metal,Plumbing & Joining
48579,1,Envirofoam Twin Coil Stainless Steel Open Vented Cylinder 42x18inch,Plumber,Plumbing & Drainage,Main Material,Metal,Plumbing & Joining
48580,0,Envirofoam Twin Coil Stainless Steel Open Vented Cylinder 48x18inch,Plumber,Plumbing & Drainage,Main Material,Metal,Plumbing & Joining
48581,1,Envirofoam Twin Coil Stainless Steel Open Vented Cylinder 60x18inch,Plumber,Plumbing & Drainage,Main Material,Metal,Plumbing & Joining
48582,0,BoilerMag Domestic Heating System Filter 3/4inch 22mm,Plumber,Plumbing & Drainage,Accessory Tool,Metal,Plumbing & Joining
48583,0,BoilerMag Domestic Heating System Filter 1inch 28mm,Plumber,Plumbing & Drainage,Accessory Tool,Metal,Plumbing & Joining
48584,0,BoilerMag Flushing Adaptor,Plumber,Plumbing & Drainage,Accessory Tool,Plastic & PVC,Plumbing & Joining
48585,1,Faithfull Screwdriver Bit Set - 61 pcs.,Carpenter,Tools & Accessories,Consumables & Parts,Metal,Drilling
48587,0,Larsen SBR Bond - 25 L,Plasterer,"Fixings, Adhesives & Sealants",Fixing & Adhesion,Masonry & Stone,Sealing & Filling
48592,1,200 x 100mm Red Deal Timber Unsorted,Carpenter,Timber & Sheet Materials,Main Material,Timber & Board,Building Materials/Structural
48617,0,Ariston E System Evo 24kW Gas Boiler incl Flue,Plumber,Plumbing & Drainage,Main Material,Metal,Plumbing & Joining
48618,1,1 Gang Metal Socket incl Switch,Electrician,Electrical Supplies,Accessory Tool,Metal,Wiring
48619,1,2 Gang Metal Socket incl Switch,Electrician,Electrical Supplies,Accessory Tool,Metal,Wiring
48620,1,1 Gang Blank Plate,Electrician,Electrical Supplies,Accessory Tool,Metal,Wiring
48621,1,Flat Ceiling Rose,Electrician,Electrical Supplies,Accessory Tool,Metal,Wiring
48622,1,F Connector/ Satellite Plug,Electrician,Electrical Supplies,Accessory Tool,Metal,Wiring
48623,1,Twin and Earth Electrical Cable 2.5mm x 10m,Electrician,Electrical Supplies,Main Material,Plastic & PVC,Wiring
48624,1,Twin and Earth Cooker Cable 6mm x 1.5m,Electrician,Electrical Supplies,Main Material,Plastic & PVC,Wiring
48625,1,Round Electrical Cable 3 Core 0.75mm x 10m,Electrician,Electrical Supplies,Main Material,Plastic & PVC,Wiring
48626,1,Round Electrical Cable 3 Core 1.5mm x 5m,Electrician,Electrical Supplies,Main Material,Plastic & PVC,Wiring
48627,1,22mm Ivory Pre-Glued Edging (50m Roll),Carpenter,Timber & Sheet Materials,Preparation & Finishing,Timber & Board,Sealing & Filling
48628,1,TV Co-Axial Joiner,Electrician,Electrical Supplies,Accessory Tool,Plastic & PVC,Wiring
48629,1,TV Co-Axial Plug,Electrician,Electrical Supplies,Accessory Tool,Plastic & PVC,Wiring
48630,1,1 Gang Switched Socket,Electrician,Electrical Supplies,Accessory Tool,Plastic & PVC,Wiring
48631,0,Larsen Mould Release Agent (Shuttering Oil) 5L,Civils,"Fixings, Adhesives & Sealants",Preparation & Finishing,Masonry & Stone,Cleaning
48642,0,Avoca WS10 Water Softener,Plumber,Plumbing & Drainage,Main Material,Plastic & PVC,Plumbing & Joining
48662,1,100 x 13mm Red Deal TGV Sheeting 2.4m 10pcs,Carpenter,Timber & Sheet Materials,Main Material,Timber & Board,Building Materials/Structural
48666,1,Gyproc 127mm Cove Cornice 3mtr Length,Plasterer,Heavy Building Materials,Preparation & Finishing,Plaster & Drywall,Sealing & Filling
48757,1,Straight Micropoint Bayonet 1/2 x 3/8 inch,Plumber,Plumbing & Drainage,Accessory Tool,Metal,Plumbing & Joining
48758,0,Boilermag Filter and Chemical Pack 3/4inch,Plumber,Plumbing & Drainage,Accessory Tool,Metal,Plumbing & Joining
48760,0,Grundfos Niagara 1.5 Bar Shower Pump c/w flexi hoses,Plumber,Plumbing & Drainage,Accessory Tool,Metal,Plumbing & Joining
48761,0,Grundfos Niagara 2.0 Bar Shower Pump c/w flexi hoses,Plumber,Plumbing & Drainage,Accessory Tool,Metal,Plumbing & Joining
48762,0,Black Slate Natural Stone Cladding Panel Per Box (0.33m2 Per Box),Carpenter,Heavy Building Materials,Main Material,Masonry & Stone,Wall-fixing
48763,0,Quartz Natural Stone Cladding Panel Per Box (0.33m2 Per Box),Carpenter,Heavy Building Materials,Main Material,Masonry & Stone,Wall-fixing
48767,1,Nitromors All-Purpose Paint and Varnish Remover - 1 L,Painter,Painting & Decorating,Preparation & Finishing,Plaster & Drywall,Cleaning
48780,1,Multilayer 32/3 25 Meter Coil Insulated Blue,Plumber,Plumbing & Drainage,Main Material,Plastic & PVC,Plumbing & Joining
48803,1,Instantor Press Tee 26X16X16,Plumber,Plumbing & Drainage,Accessory Tool,Plastic & PVC,Plumbing & Joining
48902,0,Iko Underslating Type 1F 15mtr x 1mtr,Roofer,Heavy Building Materials,Main Material,Plastic & PVC,Sealing & Filling
48907,1,Iko Heavy Duty Shed Felt Green 1mx10m 38kg,Roofer,Heavy Building Materials,Main Material,Plastic & PVC,Sealing & Filling
48909,0,IKO Shed Felt Roll 1mx8m 20kg - Black,Roofer,Heavy Building Materials,Main Material,Plastic & PVC,Sealing & Filling
48910,0,IKO Shed Felt Roll 1mx8m 20kg - Red,Roofer,Heavy Building Materials,Main Material,Plastic & PVC,Sealing & Filling
48911,0,IKO Shed Felt Roll 1mx8m 20kg - Green,Roofer,Heavy Building Materials,Main Material,Plastic & PVC,Sealing & Filling
48912,0,IKO Pro Felt Adhesive 310ml,Roofer,"Fixings, Adhesives & Sealants",Fixing & Adhesion,Masonry & Stone,Sealing & Filling
48914,0,IKO Pro Felt Adhesive 5L,Roofer,"Fixings, Adhesives & Sealants",Fixing & Adhesion,Masonry & Stone,Sealing & Filling
48915,0,IKO Pro Felt Adhesive 25L,Roofer,"Fixings, Adhesives & Sealants",Fixing & Adhesion,Masonry & Stone,Sealing & Filling
48916,0,IKO Pro Bitumen Paint - 2.50L,Roofer,"Fixings, Adhesives & Sealants",Preparation & Finishing,Masonry & Stone,Painting
48919,0,IKO Pro Universal Roof Repair Compound - 2.5L,Roofer,"Fixings, Adhesives & Sealants",Preparation & Finishing,Masonry & Stone,Sealing & Filling
48920,0,IKO Pro Universal Roof Repair Compound - 5L,Roofer,"Fixings, Adhesives & Sealants",Preparation & Finishing,Masonry & Stone,Sealing & Filling
48921,1,IKO Pro Roof and Gutter Repair Mastic Sealant - 310ml,Roofer,"Fixings, Adhesives & Sealants",Preparation & Finishing,Masonry & Stone,Sealing & Filling
48922,0,IKO Pro Universal Flat Roof Renovator Paint - 2.5L,Roofer,"Fixings, Adhesives & Sealants",Preparation & Finishing,Masonry & Stone,Painting
48923,0,IKO Pro Universal Flat Roof Renovator Paint - 5L,Roofer,"Fixings, Adhesives & Sealants",Preparation & Finishing,Masonry & Stone,Painting
48924,0,IKO Pro Solar Reflective Aluminium Paint - 5L,Roofer,"Fixings, Adhesives & Sealants",Preparation & Finishing,Metal,Painting
48925,0,IKO Pro Solar Reflective Aluminium Paint - 25L,Roofer,"Fixings, Adhesives & Sealants",Preparation & Finishing,Metal,Painting
48926,0,IKO Pro Quick Dry Bitumen Primer Paint - 2.50L,Roofer,"Fixings, Adhesives & Sealants",Preparation & Finishing,Masonry & Stone,Painting
48927,0,IKO Pro Quick Dry Bitumen Primer Paint - 5L,Roofer,"Fixings, Adhesives & Sealants",Preparation & Finishing,Masonry & Stone,Painting
48931,1,Underfloor 60mm Staples Red (100 per bag),Carpenter,Plumbing & Drainage,Fixing & Adhesion,Metal,Building Materials/Structural
48936,1,Orange Wall Plug Strips 10mm 12 Inch,Carpenter,"Fixings, Adhesives & Sealants",Fixing & Adhesion,Plastic & PVC,Wall-fixing
48937,1,Roofing Washer And Cap Black (100),Roofer,"Fixings, Adhesives & Sealants",Fixing & Adhesion,Metal,Wall-fixing
48938,1,M10 Galv Base Plate (backplate),Carpenter,"Fixings, Adhesives & Sealants",Fixing & Adhesion,Metal,Wall-fixing
48939,1,2440 x 1220 x 18mm MDF Plus (Deep Routing),Carpenter,Timber & Sheet Materials,Main Material,Timber & Board,Building Materials/Structural
48940,1,1 Gang Damp Proof Switch,Electrician,Electrical Supplies,Accessory Tool,Plastic & PVC,Wiring
48941,1,2 Gang Damp Proof Switch,Electrician,Electrical Supplies,Accessory Tool,Plastic & PVC,Wiring
48943,1,Cable Clips Flat 6mm x 14mm 20pcs,Electrician,Electrical Supplies,Fixing & Adhesion,Plastic & PVC,Wiring
48955,1,"Faro WC Pack, Pan, Cistern, Seat",Plumber,Plumbing & Drainage,Main Material,Plastic & PVC,Plumbing & Joining
48958,1,Socket Screw 50mm - Nickel,Carpenter,"Fixings, Adhesives & Sealants",Fixing & Adhesion,Metal,Wall-fixing
48959,1,Socket Screw 75mm - Nickel,Carpenter,"Fixings, Adhesives & Sealants",Fixing & Adhesion,Metal,Wall-fixing
48960,1,Joint Box 5 Amp,Electrician,Electrical Supplies,Accessory Tool,Plastic & PVC,Wiring
48961,1,175 x 44mm White Deal Timber PAO,Carpenter,Timber & Sheet Materials,Main Material,Timber & Board,Building Materials/Structural
48972,0,100mm EN545 Ductile Iron Pipe 5.5m C/W Tyton gasket DIP100,Civils,Plumbing & Drainage,Main Material,Metal,Plumbing & Joining
48973,1,80mm Universal Flange Adaptor NP16,Civils,Plumbing & Drainage,Main Material,Metal,Plumbing & Joining
48975,0,150mm Ductile Iron Flanged 45deg bend EN545 DFB15045,Civils,Plumbing & Drainage,Main Material,Metal,Plumbing & Joining
48976,1,150mm Universal Coupling,Civils,Plumbing & Drainage,Main Material,Metal,Plumbing & Joining
48977,1,80mm Ductile Iron Flanged 90 Deg Bend EN545 NP16,Civils,Plumbing & Drainage,Main Material,Metal,Plumbing & Joining
48978,1,80mm Ductile Iron Flanged 45 Deg Bend EN545 NP16,Civils,Plumbing & Drainage,Main Material,Metal,Plumbing & Joining
48979,1,100mm Ductile Iron Flanged 90 Deg Bend EN545 NP16,Civils,Plumbing & Drainage,Main Material,Metal,Plumbing & Joining
48980,1,100mm Ductile Iron Flanged 45 Deg Bend EN545 NP17,Civils,Plumbing & Drainage,Main Material,Metal,Plumbing & Joining
48981,1,"150mm EN545-NP16 Ductile Iron Blank Flange Drilled 2"" BSP",Civils,Plumbing & Drainage,Main Material,Metal,Plumbing & Joining
48983,1,100mm x 80mm EN545 All Flanged Ductile Iron Tee,Civils,Plumbing & Drainage,Main Material,Metal,Plumbing & Joining
48985,1,150mmx100mm EN545 Double Flanged Taper,Civils,Plumbing & Drainage,Main Material,Metal,Plumbing & Joining
48986,0,80mm Sluice Valve NP16 Anticlockwise Close,Civils,Plumbing & Drainage,Main Material,Metal,Plumbing & Joining
48987,0,150mm Sluice Valve NP16 Anticlockwise Close,Civils,Plumbing & Drainage,Main Material,Metal,Plumbing & Joining
48989,1,100mm x 300mm Double Flanged Riser EN545,Civils,Plumbing & Drainage,Main Material,Metal,Plumbing & Joining
48990,1,80mm Double Flanged Duckfoot Bend EN545,Civils,Plumbing & Drainage,Main Material,Metal,Plumbing & Joining
49000,1,300mm Ductile Iron Flange Adaptor NP16,Civils,Plumbing & Drainage,Main Material,Metal,Plumbing & Joining
49008,0,Watermain Pipe Flange Joint Set BZP 80/100mm,Civils,Plumbing & Drainage,Main Material,Metal,Plumbing & Joining
49009,0,Watermain Pipe Flange Joint Set BZP 150mm,Civils,Plumbing & Drainage,Main Material,Metal,Plumbing & Joining
49010,0,Watermain Pipe Flange Joint Set BZP 200mm,Civils,Plumbing & Drainage,Main Material,Metal,Plumbing & Joining
49011,1,200mm EN545 NP16 Ductile Iron Blank Flange,Civils,Plumbing & Drainage,Main Material,Metal,Plumbing & Joining
49012,1,300mm EN545 NP16 Ductile Iron Black Flange,Civils,Plumbing & Drainage,Main Material,Metal,Plumbing & Joining
49013,1,250mmx150mm EN545 All Flanged Ductile Iron Tee,Civils,Plumbing & Drainage,Main Material,Metal,Plumbing & Joining
49014,1,200mmx200mm EN545 All Flanged Ductile Iron Tee,Civils,Plumbing & Drainage,Main Material,Metal,Plumbing & Joining
49015,1,80 x 400mm Double Flanged Riser EN545,Civils,Plumbing & Drainage,Main Material,Metal,Plumbing & Joining
49016,1,100mmx600mm Double Flanged Riser EN545,Civils,Plumbing & Drainage,Main Material,Metal,Plumbing & Joining
49017,1,200 x 150mm EN545 Double Flanged Taper,Civils,Plumbing & Drainage,Main Material,Metal,Plumbing & Joining
